Bsize=32x32;TCPU(sec);TGPU1D;SGPU1D;TGPU2D;SGPU2D
N=400;0.149473;0.00962305;15.5328;0.00918221;16.2785
N=1000;2.39023;0.133178;17.9476;0.127342;18.7701
N=1400;6.84747;0.349895;19.5701;0.318963;21.4679
N=2000;21.1224;0.993433;21.2621;0.950201;22.2294
